{
  "Alabama": {
    "x": 0.80243,
    "y": 0.290799
  },
  "Alaska": {
    "x": 0.057809,
    "y": 1.0
  },
  "Arizona": {
    "x": 0.522798,
    "y": 0.313718
  },
  "Arkansas": {
    "x": 0.739082,
    "y": 0.344504
  },
  "California": {
    "x": 0.429168,
    "y": 0.37297
  },
  "Colorado": {
    "x": 0.592253,
    "y": 0.446055
  },
  "Connecticut": {
    "x": 0.961716,
    "y": 0.509069
  },
  "Delaware": {
    "x": 0.930487,
    "y": 0.452479
  },
  "Florida": {
    "x": 0.860357,
    "y": 0.165654
  },
  "Georgia": {
    "x": 0.838156,
    "y": 0.296608
  },
  "Hawaii": {
    "x": 0.0,
    "y": 0.0
  },
  "Idaho": {
    "x": 0.488212,
    "y": 0.574682
  },
  "Illinois": {
    "x": 0.777519,
    "y": 0.478075
  },
  "Indiana": {
    "x": 0.808477,
    "y": 0.46566
  },
  "Iowa": {
    "x": 0.729578,
    "y": 0.519342
  },
  "Kansas": {
    "x": 0.689677,
    "y": 0.432816
  },
  "Kentucky": {
    "x": 0.826501,
    "y": 0.411502
  },
  "Louisiana": {
    "x": 0.744816,
    "y": 0.250152
  },
  "Maine": {
    "x": 1.0,
    "y": 0.585942
  },
  "Maryland": {
    "x": 0.915791,
    "y": 0.446158
  },
  "Massachusetts": {
    "x": 0.975621,
    "y": 0.52477
  },
  "Michigan": {
    "x": 0.828021,
    "y": 0.551993
  },
  "Minnesota": {
    "x": 0.721751,
    "y": 0.610783
  },
  "Mississippi": {
    "x": 0.76966,
    "y": 0.289185
  },
  "Missouri": {
    "x": 0.740043,
    "y": 0.431066
  },
  "Montana": {
    "x": 0.533884,
    "y": 0.641259
  },
  "Nebraska": {
    "x": 0.672182,
    "y": 0.49734
  },
  "Nevada": {
    "x": 0.458972,
    "y": 0.427526
  },
  "New Hampshire": {
    "x": 0.975238,
    "y": 0.555119
  },
  "New Jersey": {
    "x": 0.941678,
    "y": 0.47682
  },
  "New Mexico": {
    "x": 0.581615,
    "y": 0.341297
  },
  "New York": {
    "x": 0.936832,
    "y": 0.52317
  },
  "North Carolina": {
    "x": 0.881696,
    "y": 0.3609
  },
  "North Dakota": {
    "x": 0.654978,
    "y": 0.65633
  },
  "Ohio": {
    "x": 0.848122,
    "y": 0.479051
  },
  "Oklahoma": {
    "x": 0.68738,
    "y": 0.359293
  },
  "Oregon": {
    "x": 0.402052,
    "y": 0.582915
  },
  "Pennsylvania": {
    "x": 0.911165,
    "y": 0.484066
  },
  "Rhode Island": {
    "x": 0.975829,
    "y": 0.511132
  },
  "South Carolina": {
    "x": 0.868775,
    "y": 0.316875
  },
  "South Dakota": {
    "x": 0.658896,
    "y": 0.576155
  },
  "Tennessee": {
    "x": 0.803551,
    "y": 0.363824
  },
  "Texas": {
    "x": 0.680178,
    "y": 0.247295
  },
  "Utah": {
    "x": 0.517905,
    "y": 0.473124
  },
  "Vermont": {
    "x": 0.962223,
    "y": 0.569851
  },
  "Virginia": {
    "x": 0.900268,
    "y": 0.414015
  },
  "Washington": {
    "x": 0.408639,
    "y": 0.653151
  },
  "West Virginia": {
    "x": 0.868668,
    "y": 0.431938
  },
  "Wisconsin": {
    "x": 0.770365,
    "y": 0.57538
  },
  "Wyoming": {
    "x": 0.569654,
    "y": 0.537825
  }
}